"region";"ålder";"kön";"2002";"2006";"2010";"2014"
"0114 Upplands Väsby";"totalt ålder";"män";18570;18776;19570;20872
"0114 Upplands Väsby";"totalt ålder";"kvinnor";18874;19072;19719;20944
"0115 Vallentuna";"totalt ålder";"män";12909;13899;15041;15964
"0115 Vallentuna";"totalt ålder";"kvinnor";12996;13969;15073;16005
"0117 Österåker";"totalt ålder";"män";17865;18975;19807;20705
"0117 Österåker";"totalt ålder";"kvinnor";17768;18904;19714;20475
"0120 Värmdö";"totalt ålder";"män";16523;18071;19382;20513
"0120 Värmdö";"totalt ålder";"kvinnor";16141;17732;18919;20028
"0123 Järfälla";"totalt ålder";"män";30326;30953;32976;35371
"0123 Järfälla";"totalt ålder";"kvinnor";30964;31389;33235;35330
"0125 Ekerö";"totalt ålder";"män";11403;12141;12680;13431
"0125 Ekerö";"totalt ålder";"kvinnor";11533;12160;12730;13267
"0126 Huddinge";"totalt ålder";"män";42897;44827;48848;52424
"0126 Huddinge";"totalt ålder";"kvinnor";43560;45355;48605;51761
"0127 Botkyrka";"totalt ålder";"män";37611;38871;41755;45155
"0127 Botkyrka";"totalt ålder";"kvinnor";37605;38682;40853;43746
"0128 Salem";"totalt ålder";"män";6845;7239;7603;7988
"0128 Salem";"totalt ålder";"kvinnor";7030;7476;7788;8152
"0136 Haninge";"totalt ålder";"män";35367;36496;38654;41619
"0136 Haninge";"totalt ålder";"kvinnor";35535;36460;38400;40788
"0138 Tyresö";"totalt ålder";"män";19671;20587;21417;22651
"0138 Tyresö";"totalt ålder";"kvinnor";20049;20889;21530;22739
"0139 Upplands-Bro";"totalt ålder";"män";10608;10707;11836;12675
"0139 Upplands-Bro";"totalt ålder";"kvinnor";10554;10931;11840;12612
"0140 Nykvarn";"totalt ålder";"män";4169;4392;4755;5015
"0140 Nykvarn";"totalt ålder";"kvinnor";4035;4217;4576;4800
"0160 Täby";"totalt ålder";"män";29647;30018;31441;33288
"0160 Täby";"totalt ålder";"kvinnor";30551;30988;32348;34046
"0162 Danderyd";"totalt ålder";"män";14434;14754;15150;15728
"0162 Danderyd";"totalt ålder";"kvinnor";15321;15738;16180;16567
"0163 Sollentuna";"totalt ålder";"män";28928;29936;32159;34511
"0163 Sollentuna";"totalt ålder";"kvinnor";29587;30592;32471;34814
"0180 Stockholm";"totalt ålder";"män";366190;380688;414702;449260
"0180 Stockholm";"totalt ålder";"kvinnor";391958;402197;432371;462729
"0181 Södertälje";"totalt ålder";"män";39763;40956;43447;46626
"0181 Södertälje";"totalt ålder";"kvinnor";39850;40835;42799;45609
"0182 Nacka";"totalt ålder";"män";37557;40521;44389;47595
"0182 Nacka";"totalt ålder";"kvinnor";39067;41900;45719;48622
"0183 Sundbyberg";"totalt ålder";"män";16485;17001;19210;22019
"0183 Sundbyberg";"totalt ålder";"kvinnor";17312;17528;19423;22071
"0184 Solna";"totalt ålder";"män";27718;30085;33639;36731
"0184 Solna";"totalt ålder";"kvinnor";29867;31632;34505;37310
"0186 Lidingö";"totalt ålder";"män";19636;20280;21173;22051
"0186 Lidingö";"totalt ålder";"kvinnor";21556;22041;22844;23414
"0187 Vaxholm";"totalt ålder";"män";4763;5136;5422;5626
"0187 Vaxholm";"totalt ålder";"kvinnor";4868;5304;5543;5703
"0188 Norrtälje";"totalt ålder";"män";26929;27439;28031;28951
"0188 Norrtälje";"totalt ålder";"kvinnor";26773;27397;28049;28617
"0191 Sigtuna";"totalt ålder";"män";17833;18414;19976;22156
"0191 Sigtuna";"totalt ålder";"kvinnor";17938;18562;20014;21929
"0192 Nynäshamn";"totalt ålder";"män";12313;12534;13137;13679
"0192 Nynäshamn";"totalt ålder";"kvinnor";12215;12458;12895;13362
"0305 Håbo";"totalt ålder";"män";9118;9404;9943;10128
"0305 Håbo";"totalt ålder";"kvinnor";8746;9233;9686;9906
"0319 Älvkarleby";"totalt ålder";"män";4495;4613;4652;4696
"0319 Älvkarleby";"totalt ålder";"kvinnor";4475;4497;4451;4473
"0330 Knivsta";"totalt ålder";"män";6317;6809;7411;8119
"0330 Knivsta";"totalt ålder";"kvinnor";6269;6788;7313;7986
"0331 Heby";"totalt ålder";"män";7035;6931;6863;6911
"0331 Heby";"totalt ålder";"kvinnor";6690;6599;6519;6579
"0360 Tierp";"totalt ålder";"män";10094;10031;10169;10226
"0360 Tierp";"totalt ålder";"kvinnor";9994;9912;9956;10019
"0380 Uppsala";"totalt ålder";"män";87323;90486;97332;102295
"0380 Uppsala";"totalt ålder";"kvinnor";92350;94701;100455;105067
"0381 Enköping";"totalt ålder";"män";18780;19143;19852;20688
"0381 Enköping";"totalt ålder";"kvinnor";18867;19343;19907;20475
"0382 Östhammar";"totalt ålder";"män";11117;10924;10955;10965
"0382 Östhammar";"totalt ålder";"kvinnor";10710;10511;10418;10409
"0428 Vingåker";"totalt ålder";"män";4599;4652;4503;4541
"0428 Vingåker";"totalt ålder";"kvinnor";4582;4560;4390;4378
"0461 Gnesta";"totalt ålder";"män";4912;5008;5137;5246
"0461 Gnesta";"totalt ålder";"kvinnor";4901;4973;5223;5267
"0480 Nyköping";"totalt ålder";"män";24268;24668;25436;26485
"0480 Nyköping";"totalt ålder";"kvinnor";25042;25523;26208;27023
"0481 Oxelösund";"totalt ålder";"män";5672;5632;5662;5883
"0481 Oxelösund";"totalt ålder";"kvinnor";5511;5479;5531;5668
"0482 Flen";"totalt ålder";"män";8286;8167;8128;8294
"0482 Flen";"totalt ålder";"kvinnor";8234;8055;7900;7948
"0483 Katrineholm";"totalt ålder";"män";15913;15799;16040;16617
"0483 Katrineholm";"totalt ålder";"kvinnor";16468;16230;16388;16651
"0484 Eskilstuna";"totalt ålder";"män";44568;45668;47869;50268
"0484 Eskilstuna";"totalt ålder";"kvinnor";45521;46582;48442;50655
"0486 Strängnäs";"totalt ålder";"män";14848;15461;16105;16900
"0486 Strängnäs";"totalt ålder";"kvinnor";15167;15691;16314;16978
"0488 Trosa";"totalt ålder";"män";5222;5422;5707;5914
"0488 Trosa";"totalt ålder";"kvinnor";5292;5529;5755;5950
"0509 Ödeshög";"totalt ålder";"män";2781;2690;2616;2641
"0509 Ödeshög";"totalt ålder";"kvinnor";2785;2743;2668;2599
"0512 Ydre";"totalt ålder";"män";2055;1980;1905;1878
"0512 Ydre";"totalt ålder";"kvinnor";1949;1842;1767;1782
"0513 Kinda";"totalt ålder";"män";5038;4962;4931;4923
"0513 Kinda";"totalt ålder";"kvinnor";4976;4956;4831;4872
"0560 Boxholm";"totalt ålder";"män";2717;2690;2659;2702
"0560 Boxholm";"totalt ålder";"kvinnor";2574;2536;2562;2620
"0561 Åtvidaberg";"totalt ålder";"män";5981;5896;5817;5773
"0561 Åtvidaberg";"totalt ålder";"kvinnor";5906;5879;5687;5699
"0562 Finspång";"totalt ålder";"män";10730;10551;10506;10747
"0562 Finspång";"totalt ålder";"kvinnor";10478;10261;10241;10403
"0563 Valdemarsvik";"totalt ålder";"män";4164;4022;3897;3914
"0563 Valdemarsvik";"totalt ålder";"kvinnor";4066;4016;3863;3743
"0580 Linköping";"totalt ålder";"män";67773;69725;74113;76939
"0580 Linköping";"totalt ålder";"kvinnor";67293;68855;72303;74942
"0581 Norrköping";"totalt ålder";"män";60799;61994;64556;67233
"0581 Norrköping";"totalt ålder";"kvinnor";62504;63469;65494;68050
"0582 Söderköping";"totalt ålder";"män";7044;6992;7029;7165
"0582 Söderköping";"totalt ålder";"kvinnor";6965;7059;6995;7103
"0583 Motala";"totalt ålder";"män";20998;20915;21027;21415
"0583 Motala";"totalt ålder";"kvinnor";21080;21044;20928;21141
"0584 Vadstena";"totalt ålder";"män";3723;3690;3602;3619
"0584 Vadstena";"totalt ålder";"kvinnor";3906;3851;3789;3774
"0586 Mjölby";"totalt ålder";"män";12604;12677;13001;13336
"0586 Mjölby";"totalt ålder";"kvinnor";12549;12671;12855;13092
"0604 Aneby";"totalt ålder";"män";3340;3317;3281;3302
"0604 Aneby";"totalt ålder";"kvinnor";3291;3234;3112;3124
"0617 Gnosjö";"totalt ålder";"män";5110;4903;4900;4891
"0617 Gnosjö";"totalt ålder";"kvinnor";4887;4695;4646;4618
"0642 Mullsjö";"totalt ålder";"män";3566;3551;3528;3547
"0642 Mullsjö";"totalt ålder";"kvinnor";3558;3524;3505;3562
"0643 Habo";"totalt ålder";"män";4812;5111;5420;5617
"0643 Habo";"totalt ålder";"kvinnor";4772;5011;5321;5493
"0662 Gislaved";"totalt ålder";"män";15174;14861;14706;14541
"0662 Gislaved";"totalt ålder";"kvinnor";14802;14466;14405;14196
"0665 Vaggeryd";"totalt ålder";"män";6287;6432;6534;6648
"0665 Vaggeryd";"totalt ålder";"kvinnor";6316;6384;6457;6581
"0680 Jönköping";"totalt ålder";"män";58052;60021;62876;65736
"0680 Jönköping";"totalt ålder";"kvinnor";60529;62173;64506;66404
"0682 Nässjö";"totalt ålder";"män";14546;14679;14708;15187
"0682 Nässjö";"totalt ålder";"kvinnor";14795;14690;14631;14720
"0683 Värnamo";"totalt ålder";"män";15958;16321;16370;16732
"0683 Värnamo";"totalt ålder";"kvinnor";16294;16520;16463;16602
"0684 Sävsjö";"totalt ålder";"män";5527;5533;5490;5680
"0684 Sävsjö";"totalt ålder";"kvinnor";5448;5452;5340;5420
"0685 Vetlanda";"totalt ålder";"män";13361;13379;13343;13585
"0685 Vetlanda";"totalt ålder";"kvinnor";13067;13001;12961;13062
"0686 Eksjö";"totalt ålder";"män";8266;8231;8096;8288
"0686 Eksjö";"totalt ålder";"kvinnor";8495;8285;8148;8310
"0687 Tranås";"totalt ålder";"män";8780;8828;9035;9251
"0687 Tranås";"totalt ålder";"kvinnor";8938;8937;9084;9165
"0760 Uppvidinge";"totalt ålder";"män";4871;4890;4773;4784
"0760 Uppvidinge";"totalt ålder";"kvinnor";4709;4618;4471;4438
"0761 Lessebo";"totalt ålder";"män";4126;4066;4143;4242
"0761 Lessebo";"totalt ålder";"kvinnor";4129;4033;3996;4014
"0763 Tingsryd";"totalt ålder";"män";6762;6476;6203;6173
"0763 Tingsryd";"totalt ålder";"kvinnor";6413;6236;6028;6025
"0764 Alvesta";"totalt ålder";"män";9600;9502;9591;9966
"0764 Alvesta";"totalt ålder";"kvinnor";9330;9239;9211;9537
"0765 Älmhult";"totalt ålder";"män";7788;7703;7820;8039
"0765 Älmhult";"totalt ålder";"kvinnor";7656;7665;7783;7869
"0767 Markaryd";"totalt ålder";"män";4770;4827;4855;4843
"0767 Markaryd";"totalt ålder";"kvinnor";4845;4786;4764;4706
"0780 Växjö";"totalt ålder";"män";37287;39150;41576;43716
"0780 Växjö";"totalt ålder";"kvinnor";37749;39323;41429;43254
"0781 Ljungby";"totalt ålder";"män";13552;13667;13782;13955
"0781 Ljungby";"totalt ålder";"kvinnor";13391;13454;13515;13567
"0821 Högsby";"totalt ålder";"män";3207;3066;2954;2940
"0821 Högsby";"totalt ålder";"kvinnor";3093;2967;2823;2842
"0834 Torsås";"totalt ålder";"män";3741;3661;3617;3612
"0834 Torsås";"totalt ålder";"kvinnor";3552;3493;3345;3313
"0840 Mörbylånga";"totalt ålder";"män";6588;6610;6856;7141
"0840 Mörbylånga";"totalt ålder";"kvinnor";6842;6910;7165;7357
"0860 Hultsfred";"totalt ålder";"män";7505;7243;6954;7032
"0860 Hultsfred";"totalt ålder";"kvinnor";7388;7063;6742;6706
"0861 Mönsterås";"totalt ålder";"män";6611;6582;6479;6611
"0861 Mönsterås";"totalt ålder";"kvinnor";6609;6529;6430;6446
"0862 Emmaboda";"totalt ålder";"män";4950;4788;4680;4600
"0862 Emmaboda";"totalt ålder";"kvinnor";4740;4648;4507;4409
"0880 Kalmar";"totalt ålder";"män";29369;30028;30947;31981
"0880 Kalmar";"totalt ålder";"kvinnor";30697;31293;31868;32695
"0881 Nybro";"totalt ålder";"män";9941;9868;9906;10032
"0881 Nybro";"totalt ålder";"kvinnor";9930;9812;9745;9682
"0882 Oskarshamn";"totalt ålder";"män";13045;13109;13105;13279
"0882 Oskarshamn";"totalt ålder";"kvinnor";13116;13135;13058;13022
"0883 Västervik";"totalt ålder";"män";18225;18057;17941;17947
"0883 Västervik";"totalt ålder";"kvinnor";18688;18343;18265;17973
"0884 Vimmerby";"totalt ålder";"män";7860;7852;7837;7801
"0884 Vimmerby";"totalt ålder";"kvinnor";7768;7736;7636;7496
"0885 Borgholm";"totalt ålder";"män";5515;5441;5306;5357
"0885 Borgholm";"totalt ålder";"kvinnor";5647;5542;5370;5324
"0980 Gotland";"totalt ålder";"män";28348;28296;28379;28455
"0980 Gotland";"totalt ålder";"kvinnor";29033;29001;28890;28800
"1060 Olofström";"totalt ålder";"män";6911;6757;6582;6650
"1060 Olofström";"totalt ålder";"kvinnor";6726;6598;6406;6381
"1080 Karlskrona";"totalt ålder";"män";30193;31019;32641;32770
"1080 Karlskrona";"totalt ålder";"kvinnor";30483;30825;31391;31578
"1081 Ronneby";"totalt ålder";"män";14464;14587;14537;14302
"1081 Ronneby";"totalt ålder";"kvinnor";14008;13856;13717;13919
"1082 Karlshamn";"totalt ålder";"män";15424;15668;15593;15882
"1082 Karlshamn";"totalt ålder";"kvinnor";15315;15511;15550;15716
"1083 Sölvesborg";"totalt ålder";"män";8085;8331;8496;8560
"1083 Sölvesborg";"totalt ålder";"kvinnor";8266;8284;8314;8399
"1214 Svalöv";"totalt ålder";"män";6475;6696;6798;6995
"1214 Svalöv";"totalt ålder";"kvinnor";6230;6359;6444;6465
"1230 Staffanstorp";"totalt ålder";"män";10005;10343;11037;11369
"1230 Staffanstorp";"totalt ålder";"kvinnor";10105;10497;11222;11625
"1231 Burlöv";"totalt ålder";"män";7541;7776;8376;8653
"1231 Burlöv";"totalt ålder";"kvinnor";7785;7886;8325;8558
"1233 Vellinge";"totalt ålder";"män";15371;15957;16550;16798
"1233 Vellinge";"totalt ålder";"kvinnor";15716;16313;16753;17312
"1256 Östra Göinge";"totalt ålder";"män";7078;7006;6926;7079
"1256 Östra Göinge";"totalt ålder";"kvinnor";7009;6880;6664;6785
"1257 Örkelljunga";"totalt ålder";"män";4775;4811;4869;4938
"1257 Örkelljunga";"totalt ålder";"kvinnor";4644;4718;4762;4795
"1260 Bjuv";"totalt ålder";"män";6849;7163;7489;7525
"1260 Bjuv";"totalt ålder";"kvinnor";6825;7036;7352;7369
"1261 Kävlinge";"totalt ålder";"män";12577;13745;14537;14919
"1261 Kävlinge";"totalt ålder";"kvinnor";12614;13624;14476;14889
"1262 Lomma";"totalt ålder";"män";8961;9612;10640;11419
"1262 Lomma";"totalt ålder";"kvinnor";9206;9822;10919;11527
"1263 Svedala";"totalt ålder";"män";9122;9517;9930;10137
"1263 Svedala";"totalt ålder";"kvinnor";9029;9471;9892;10111
"1264 Skurup";"totalt ålder";"män";6963;7341;7473;7576
"1264 Skurup";"totalt ålder";"kvinnor";6986;7362;7508;7591
"1265 Sjöbo";"totalt ålder";"män";8574;8991;9178;9378
"1265 Sjöbo";"totalt ålder";"kvinnor";8453;8730;8934;9037
"1266 Hörby";"totalt ålder";"män";6997;7294;7440;7476
"1266 Hörby";"totalt ålder";"kvinnor";6952;7246;7400;7451
"1267 Höör";"totalt ålder";"män";7048;7369;7732;7850
"1267 Höör";"totalt ålder";"kvinnor";7121;7408;7728;7920
"1270 Tomelilla";"totalt ålder";"män";6220;6350;6474;6538
"1270 Tomelilla";"totalt ålder";"kvinnor";6227;6369;6440;6469
"1272 Bromölla";"totalt ålder";"män";6031;6093;6144;6249
"1272 Bromölla";"totalt ålder";"kvinnor";5991;6052;6128;6151
"1273 Osby";"totalt ålder";"män";6356;6334;6356;6441
"1273 Osby";"totalt ålder";"kvinnor";6281;6300;6368;6387
"1275 Perstorp";"totalt ålder";"män";3394;3485;3619;3705
"1275 Perstorp";"totalt ålder";"kvinnor";3395;3413;3442;3469
"1276 Klippan";"totalt ålder";"män";7897;8105;8350;8491
"1276 Klippan";"totalt ålder";"kvinnor";7848;8001;8165;8242
"1277 Åstorp";"totalt ålder";"män";6622;6996;7465;7645
"1277 Åstorp";"totalt ålder";"kvinnor";6528;6889;7272;7416
"1278 Båstad";"totalt ålder";"män";6927;6986;7077;7130
"1278 Båstad";"totalt ålder";"kvinnor";7082;7184;7201;7289
"1280 Malmö";"totalt ålder";"män";128264;134626;146750;156602
"1280 Malmö";"totalt ålder";"kvinnor";137217;141618;152213;161505
"1281 Lund";"totalt ålder";"män";49550;51126;55084;57662
"1281 Lund";"totalt ålder";"kvinnor";50852;52160;55404;58306
"1282 Landskrona";"totalt ålder";"män";18865;19846;20769;21715
"1282 Landskrona";"totalt ålder";"kvinnor";19610;20172;20955;21859
"1283 Helsingborg";"totalt ålder";"män";57805;60226;63271;66633
"1283 Helsingborg";"totalt ålder";"kvinnor";61601;63163;65906;68711
"1284 Höganäs";"totalt ålder";"män";11168;11661;12101;12465
"1284 Höganäs";"totalt ålder";"kvinnor";11622;12196;12536;12833
"1285 Eslöv";"totalt ålder";"män";14574;15266;15906;16242
"1285 Eslöv";"totalt ålder";"kvinnor";14411;15171;15681;15937
"1286 Ystad";"totalt ålder";"män";12703;13282;13758;13987
"1286 Ystad";"totalt ålder";"kvinnor";13680;14116;14580;14784
"1287 Trelleborg";"totalt ålder";"män";19164;19990;21049;21469
"1287 Trelleborg";"totalt ålder";"kvinnor";19595;20330;21170;21504
"1290 Kristianstad";"totalt ålder";"män";36537;37514;39127;40578
"1290 Kristianstad";"totalt ålder";"kvinnor";38414;39026;40416;41248
"1291 Simrishamn";"totalt ålder";"män";9505;9474;9456;9260
"1291 Simrishamn";"totalt ålder";"kvinnor";9901;9944;9841;9645
"1292 Ängelholm";"totalt ålder";"män";18344;18794;19181;19669
"1292 Ängelholm";"totalt ålder";"kvinnor";19362;19888;20213;20560
"1293 Hässleholm";"totalt ålder";"män";24188;24633;25083;25380
"1293 Hässleholm";"totalt ålder";"kvinnor";24348;24748;25024;25185
"1315 Hylte";"totalt ålder";"män";5277;5272;5173;5285
"1315 Hylte";"totalt ålder";"kvinnor";5124;5099;5004;4993
"1380 Halmstad";"totalt ålder";"män";42567;43745;45315;47307
"1380 Halmstad";"totalt ålder";"kvinnor";44018;45213;46485;48225
"1381 Laholm";"totalt ålder";"män";11453;11659;11824;12018
"1381 Laholm";"totalt ålder";"kvinnor";11297;11494;11566;11763
"1382 Falkenberg";"totalt ålder";"män";19374;19960;20527;21280
"1382 Falkenberg";"totalt ålder";"kvinnor";19522;19914;20481;21153
"1383 Varberg";"totalt ålder";"män";26484;27578;28957;30162
"1383 Varberg";"totalt ålder";"kvinnor";26862;27881;29127;30260
"1384 Kungsbacka";"totalt ålder";"män";33271;35301;37250;38859
"1384 Kungsbacka";"totalt ålder";"kvinnor";33302;35743;37775;39360
"1401 Härryda";"totalt ålder";"män";15469;16290;17362;18198
"1401 Härryda";"totalt ålder";"kvinnor";15375;16105;17101;18093
"1402 Partille";"totalt ålder";"män";16397;16679;17458;18269
"1402 Partille";"totalt ålder";"kvinnor";16691;16935;17626;18259
"1407 Öckerö";"totalt ålder";"män";6084;6153;6280;6362
"1407 Öckerö";"totalt ålder";"kvinnor";5897;6076;6169;6283
"1415 Stenungsund";"totalt ålder";"män";10939;11649;12126;12647
"1415 Stenungsund";"totalt ålder";"kvinnor";10816;11541;12166;12628
"1419 Tjörn";"totalt ålder";"män";7597;7654;7656;7725
"1419 Tjörn";"totalt ålder";"kvinnor";7229;7300;7299;7410
"1421 Orust";"totalt ålder";"män";7733;7713;7709;7635
"1421 Orust";"totalt ålder";"kvinnor";7380;7472;7512;7419
"1427 Sotenäs";"totalt ålder";"män";4698;4616;4508;4506
"1427 Sotenäs";"totalt ålder";"kvinnor";4769;4667;4544;4425
"1430 Munkedal";"totalt ålder";"män";5319;5215;5248;5296
"1430 Munkedal";"totalt ålder";"kvinnor";5115;5031;4933;4947
"1435 Tanum";"totalt ålder";"män";6124;6141;6255;6249
"1435 Tanum";"totalt ålder";"kvinnor";6086;6112;6115;6097
"1438 Dals-Ed";"totalt ålder";"män";2578;2513;2413;2481
"1438 Dals-Ed";"totalt ålder";"kvinnor";2466;2387;2279;2283
"1439 Färgelanda";"totalt ålder";"män";3603;3518;3464;3356
"1439 Färgelanda";"totalt ålder";"kvinnor";3336;3261;3190;3146
"1440 Ale";"totalt ålder";"män";13081;13599;13904;14474
"1440 Ale";"totalt ålder";"kvinnor";12754;13201;13538;13949
"1441 Lerum";"totalt ålder";"män";17701;18469;19211;19892
"1441 Lerum";"totalt ålder";"kvinnor";17857;18623;19369;19879
"1442 Vårgårda";"totalt ålder";"män";5444;5499;5486;5589
"1442 Vårgårda";"totalt ålder";"kvinnor";5224;5397;5457;5500
"1443 Bollebygd";"totalt ålder";"män";3935;4139;4266;4375
"1443 Bollebygd";"totalt ålder";"kvinnor";3896;4040;4109;4277
"1444 Grästorp";"totalt ålder";"män";2938;2936;2933;2870
"1444 Grästorp";"totalt ålder";"kvinnor";2910;2873;2843;2760
"1445 Essunga";"totalt ålder";"män";2907;2833;2824;2788
"1445 Essunga";"totalt ålder";"kvinnor";2850;2818;2740;2750
"1446 Karlsborg";"totalt ålder";"män";3480;3428;3399;3446
"1446 Karlsborg";"totalt ålder";"kvinnor";3487;3452;3353;3340
"1447 Gullspång";"totalt ålder";"män";2948;2815;2691;2655
"1447 Gullspång";"totalt ålder";"kvinnor";2817;2691;2600;2585
"1452 Tranemo";"totalt ålder";"män";6118;6006;5926;5975
"1452 Tranemo";"totalt ålder";"kvinnor";5870;5736;5661;5665
"1460 Bengtsfors";"totalt ålder";"män";5322;5109;4982;4911
"1460 Bengtsfors";"totalt ålder";"kvinnor";5194;4971;4809;4645
"1461 Mellerud";"totalt ålder";"män";4986;4908;4692;4620
"1461 Mellerud";"totalt ålder";"kvinnor";4821;4715;4487;4316
"1462 Lilla Edet";"totalt ålder";"män";6693;6604;6473;6747
"1462 Lilla Edet";"totalt ålder";"kvinnor";6317;6232;6105;6284
"1463 Mark";"totalt ålder";"män";16458;16726;16907;16974
"1463 Mark";"totalt ålder";"kvinnor";16557;16868;16938;16913
"1465 Svenljunga";"totalt ålder";"män";5326;5268;5246;5306
"1465 Svenljunga";"totalt ålder";"kvinnor";5203;5137;5042;5059
"1466 Herrljunga";"totalt ålder";"män";4833;4742;4767;4753
"1466 Herrljunga";"totalt ålder";"kvinnor";4653;4501;4547;4623
"1470 Vara";"totalt ålder";"män";8128;8130;8051;7977
"1470 Vara";"totalt ålder";"kvinnor";7881;7831;7711;7620
"1471 Götene";"totalt ålder";"män";6610;6587;6732;6643
"1471 Götene";"totalt ålder";"kvinnor";6373;6372;6491;6437
"1472 Tibro";"totalt ålder";"män";5353;5362;5318;5491
"1472 Tibro";"totalt ålder";"kvinnor";5271;5309;5242;5373
"1473 Töreboda";"totalt ålder";"män";4753;4749;4636;4679
"1473 Töreboda";"totalt ålder";"kvinnor";4673;4619;4477;4393
"1480 Göteborg";"totalt ålder";"män";233478;241780;254720;268514
"1480 Göteborg";"totalt ålder";"kvinnor";241443;247977;259031;272631
"1481 Mölndal";"totalt ålder";"män";28152;29191;30244;31369
"1481 Mölndal";"totalt ålder";"kvinnor";28927;29747;30729;31558
"1482 Kungälv";"totalt ålder";"män";18908;19408;20563;21114
"1482 Kungälv";"totalt ålder";"kvinnor";19004;19491;20678;21220
"1484 Lysekil";"totalt ålder";"män";7456;7319;7247;7111
"1484 Lysekil";"totalt ålder";"kvinnor";7345;7312;7274;7188
"1485 Uddevalla";"totalt ålder";"män";24520;24953;25571;26532
"1485 Uddevalla";"totalt ålder";"kvinnor";25163;25554;26297;26985
"1486 Strömstad";"totalt ålder";"män";5610;5781;5923;6412
"1486 Strömstad";"totalt ålder";"kvinnor";5608;5788;5885;6282
"1487 Vänersborg";"totalt ålder";"män";18445;18421;18358;18974
"1487 Vänersborg";"totalt ålder";"kvinnor";18580;18602;18499;18916
"1488 Trollhättan";"totalt ålder";"män";26695;26988;27727;28563
"1488 Trollhättan";"totalt ålder";"kvinnor";26242;26842;27521;28366
"1489 Alingsås";"totalt ålder";"män";17286;17933;18660;19461
"1489 Alingsås";"totalt ålder";"kvinnor";18041;18548;19136;19727
"1490 Borås";"totalt ålder";"män";47832;49100;50891;52875
"1490 Borås";"totalt ålder";"kvinnor";50318;51121;52403;54147
"1491 Ulricehamn";"totalt ålder";"män";11170;11239;11496;11761
"1491 Ulricehamn";"totalt ålder";"kvinnor";11129;11197;11342;11483
"1492 Åmål";"totalt ålder";"män";6321;6241;6063;6170
"1492 Åmål";"totalt ålder";"kvinnor";6508;6475;6232;6156
"1493 Mariestad";"totalt ålder";"män";11843;11961;11845;12025
"1493 Mariestad";"totalt ålder";"kvinnor";11900;11972;11896;11896
"1494 Lidköping";"totalt ålder";"män";18232;18620;18929;19338
"1494 Lidköping";"totalt ålder";"kvinnor";18709;18906;19119;19423
"1495 Skara";"totalt ålder";"män";8977;9119;8986;9356
"1495 Skara";"totalt ålder";"kvinnor";9334;9476;9328;9391
"1496 Skövde";"totalt ålder";"män";24384;24975;25782;26841
"1496 Skövde";"totalt ålder";"kvinnor";25021;25178;25620;26293
"1497 Hjo";"totalt ålder";"män";4382;4411;4382;4419
"1497 Hjo";"totalt ålder";"kvinnor";4463;4442;4459;4466
"1498 Tidaholm";"totalt ålder";"män";6285;6304;6312;6358
"1498 Tidaholm";"totalt ålder";"kvinnor";6300;6349;6260;6259
"1499 Falköping";"totalt ålder";"män";15329;15534;15740;16118
"1499 Falköping";"totalt ålder";"kvinnor";15567;15706;15773;16067
"1715 Kil";"totalt ålder";"män";5959;5891;5865;5933
"1715 Kil";"totalt ålder";"kvinnor";5933;5912;5841;5952
"1730 Eda";"totalt ålder";"män";4393;4418;4358;4324
"1730 Eda";"totalt ålder";"kvinnor";4277;4252;4166;4129
"1737 Torsby";"totalt ålder";"män";6752;6539;6266;6100
"1737 Torsby";"totalt ålder";"kvinnor";6652;6407;6148;5892
"1760 Storfors";"totalt ålder";"män";2335;2297;2205;2146
"1760 Storfors";"totalt ålder";"kvinnor";2270;2229;2068;1960
"1761 Hammarö";"totalt ålder";"män";7156;7307;7506;7648
"1761 Hammarö";"totalt ålder";"kvinnor";7081;7182;7420;7608
"1762 Munkfors";"totalt ålder";"män";2039;1973;1890;1841
"1762 Munkfors";"totalt ålder";"kvinnor";2047;1963;1881;1815
"1763 Forshaga";"totalt ålder";"män";5735;5725;5659;5760
"1763 Forshaga";"totalt ålder";"kvinnor";5739;5741;5607;5619
"1764 Grums";"totalt ålder";"män";4683;4686;4588;4504
"1764 Grums";"totalt ålder";"kvinnor";4629;4646;4503;4454
"1765 Årjäng";"totalt ålder";"män";4908;4993;5005;5001
"1765 Årjäng";"totalt ålder";"kvinnor";4835;4828;4850;4803
"1766 Sunne";"totalt ålder";"män";6789;6800;6657;6641
"1766 Sunne";"totalt ålder";"kvinnor";6784;6791;6598;6458
"1780 Karlstad";"totalt ålder";"män";39429;40549;42202;43457
"1780 Karlstad";"totalt ålder";"kvinnor";41505;42329;43551;44893
"1781 Kristinehamn";"totalt ålder";"män";11929;11835;11805;12049
"1781 Kristinehamn";"totalt ålder";"kvinnor";12034;12013;12003;12065
"1782 Filipstad";"totalt ålder";"män";5561;5472;5342;5426
"1782 Filipstad";"totalt ålder";"kvinnor";5617;5480;5220;5187
"1783 Hagfors";"totalt ålder";"män";6938;6626;6307;6121
"1783 Hagfors";"totalt ålder";"kvinnor";6859;6501;6173;5800
"1784 Arvika";"totalt ålder";"män";12929;13001;12940;12826
"1784 Arvika";"totalt ålder";"kvinnor";13333;13130;13094;12945
"1785 Säffle";"totalt ålder";"män";8156;8020;7840;7694
"1785 Säffle";"totalt ålder";"kvinnor";8133;7953;7707;7640
"1814 Lekeberg";"totalt ålder";"män";3639;3681;3691;3825
"1814 Lekeberg";"totalt ålder";"kvinnor";3388;3415;3443;3538
"1860 Laxå";"totalt ålder";"män";3282;3073;2893;2921
"1860 Laxå";"totalt ålder";"kvinnor";3189;2973;2793;2743
"1861 Hallsberg";"totalt ålder";"män";7906;7775;7785;7816
"1861 Hallsberg";"totalt ålder";"kvinnor";7745;7512;7490;7499
"1862 Degerfors";"totalt ålder";"män";5295;5073;4915;4883
"1862 Degerfors";"totalt ålder";"kvinnor";5011;4941;4726;4648
"1863 Hällefors";"totalt ålder";"män";3902;3776;3624;3546
"1863 Hällefors";"totalt ålder";"kvinnor";3892;3763;3596;3390
"1864 Ljusnarsberg";"totalt ålder";"män";2755;2672;2531;2577
"1864 Ljusnarsberg";"totalt ålder";"kvinnor";2727;2571;2400;2336
"1880 Örebro";"totalt ålder";"män";60826;62761;66274;70218
"1880 Örebro";"totalt ålder";"kvinnor";64694;66216;69186;72400
"1881 Kumla";"totalt ålder";"män";9482;9741;10173;10522
"1881 Kumla";"totalt ålder";"kvinnor";9623;9902;10283;10494
"1882 Askersund";"totalt ålder";"män";5722;5726;5676;5631
"1882 Askersund";"totalt ålder";"kvinnor";5727;5744;5602;5488
"1883 Karlskoga";"totalt ålder";"män";15118;14970;14722;15023
"1883 Karlskoga";"totalt ålder";"kvinnor";15482;15189;14946;15031
"1884 Nora";"totalt ålder";"män";5202;5137;5088;5134
"1884 Nora";"totalt ålder";"kvinnor";5313;5345;5359;5218
"1885 Lindesberg";"totalt ålder";"män";11834;11613;11622;11794
"1885 Lindesberg";"totalt ålder";"kvinnor";11658;11461;11412;11475
"1904 Skinnskatteberg";"totalt ålder";"män";2433;2403;2276;2292
"1904 Skinnskatteberg";"totalt ålder";"kvinnor";2352;2349;2169;2142
"1907 Surahammar";"totalt ålder";"män";5192;5149;5060;5098
"1907 Surahammar";"totalt ålder";"kvinnor";5015;4960;4889;4820
"1960 Kungsör";"totalt ålder";"män";4146;4137;4095;4192
"1960 Kungsör";"totalt ålder";"kvinnor";4076;4074;3994;4077
"1961 Hallstahammar";"totalt ålder";"män";7476;7461;7528;7766
"1961 Hallstahammar";"totalt ålder";"kvinnor";7510;7581;7647;7830
"1962 Norberg";"totalt ålder";"män";2961;2957;2886;2946
"1962 Norberg";"totalt ålder";"kvinnor";2915;2886;2837;2773
"1980 Västerås";"totalt ålder";"män";63721;65811;68143;71587
"1980 Västerås";"totalt ålder";"kvinnor";65181;67109;69064;72115
"1981 Sala";"totalt ålder";"män";10721;10613;10744;10939
"1981 Sala";"totalt ålder";"kvinnor";10942;10747;10791;10986
"1982 Fagersta";"totalt ålder";"män";6129;6105;6266;6688
"1982 Fagersta";"totalt ålder";"kvinnor";6196;6097;6177;6445
"1983 Köping";"totalt ålder";"män";12342;12367;12433;12712
"1983 Köping";"totalt ålder";"kvinnor";12305;12292;12472;12664
"1984 Arboga";"totalt ålder";"män";6759;6659;6619;6836
"1984 Arboga";"totalt ålder";"kvinnor";6815;6732;6666;6795
"2021 Vansbro";"totalt ålder";"män";3656;3523;3448;3410
"2021 Vansbro";"totalt ålder";"kvinnor";3579;3460;3357;3284
"2023 Malung-Sälen";"totalt ålder";"män";5386;5353;5274;5114
"2023 Malung-Sälen";"totalt ålder";"kvinnor";5207;5165;5082;4855
"2026 Gagnef";"totalt ålder";"män";5096;5097;5147;5137
"2026 Gagnef";"totalt ålder";"kvinnor";4912;4983;4950;4887
"2029 Leksand";"totalt ålder";"män";7568;7644;7602;7626
"2029 Leksand";"totalt ålder";"kvinnor";7733;7806;7687;7626
"2031 Rättvik";"totalt ålder";"män";5386;5384;5347;5394
"2031 Rättvik";"totalt ålder";"kvinnor";5512;5500;5464;5354
"2034 Orsa";"totalt ålder";"män";3492;3497;3490;3476
"2034 Orsa";"totalt ålder";"kvinnor";3523;3529;3432;3336
"2039 Älvdalen";"totalt ålder";"män";3850;3773;3684;3618
"2039 Älvdalen";"totalt ålder";"kvinnor";3767;3646;3523;3434
"2061 Smedjebacken";"totalt ålder";"män";5620;5404;5432;5486
"2061 Smedjebacken";"totalt ålder";"kvinnor";5537;5311;5283;5226
"2062 Mora";"totalt ålder";"män";9972;10089;10024;10055
"2062 Mora";"totalt ålder";"kvinnor";10052;10070;10129;9951
"2080 Falun";"totalt ålder";"män";26901;27233;27651;28113
"2080 Falun";"totalt ålder";"kvinnor";27940;28034;28393;28783
"2081 Borlänge";"totalt ålder";"män";23592;23841;24834;25473
"2081 Borlänge";"totalt ålder";"kvinnor";23457;23558;24417;25242
"2082 Säter";"totalt ålder";"män";5577;5583;5499;5532
"2082 Säter";"totalt ålder";"kvinnor";5466;5408;5341;5354
"2083 Hedemora";"totalt ålder";"män";7749;7611;7573;7564
"2083 Hedemora";"totalt ålder";"kvinnor";7835;7769;7591;7521
"2084 Avesta";"totalt ålder";"män";11149;11044;10857;11120
"2084 Avesta";"totalt ålder";"kvinnor";11147;10919;10726;10902
"2085 Ludvika";"totalt ålder";"män";12925;12673;12963;13102
"2085 Ludvika";"totalt ålder";"kvinnor";13050;12804;12847;12928
"2101 Ockelbo";"totalt ålder";"män";3115;3065;2989;2921
"2101 Ockelbo";"totalt ålder";"kvinnor";2986;2973;2947;2844
"2104 Hofors";"totalt ålder";"män";5236;5126;4973;4836
"2104 Hofors";"totalt ålder";"kvinnor";5136;4965;4768;4595
"2121 Ovanåker";"totalt ålder";"män";6124;5963;5794;5827
"2121 Ovanåker";"totalt ålder";"kvinnor";6069;5853;5646;5605
"2132 Nordanstig";"totalt ålder";"män";5118;4998;4941;4906
"2132 Nordanstig";"totalt ålder";"kvinnor";4903;4812;4670;4587
"2161 Ljusdal";"totalt ålder";"män";9910;9674;9586;9548
"2161 Ljusdal";"totalt ålder";"kvinnor";9866;9569;9479;9401
"2180 Gävle";"totalt ålder";"män";45022;45628;47053;48752
"2180 Gävle";"totalt ålder";"kvinnor";46254;46788;48002;49562
"2181 Sandviken";"totalt ålder";"män";18488;18532;18616;19078
"2181 Sandviken";"totalt ålder";"kvinnor";18277;18216;18300;18755
"2182 Söderhamn";"totalt ålder";"män";13589;13110;12880;12831
"2182 Söderhamn";"totalt ålder";"kvinnor";13661;13147;12767;12625
"2183 Bollnäs";"totalt ålder";"män";13008;12996;13047;13177
"2183 Bollnäs";"totalt ålder";"kvinnor";13202;13282;13201;13217
"2184 Hudiksvall";"totalt ålder";"män";18287;18290;18281;18387
"2184 Hudiksvall";"totalt ålder";"kvinnor";18761;18666;18568;18537
"2260 Ånge";"totalt ålder";"män";5500;5366;5136;4905
"2260 Ånge";"totalt ålder";"kvinnor";5448;5238;4917;4579
"2262 Timrå";"totalt ålder";"män";8997;9020;9094;9156
"2262 Timrå";"totalt ålder";"kvinnor";8787;8850;8896;8869
"2280 Härnösand";"totalt ålder";"män";12313;12366;12114;12285
"2280 Härnösand";"totalt ålder";"kvinnor";12880;12714;12497;12470
"2281 Sundsvall";"totalt ålder";"män";46457;46948;47503;48533
"2281 Sundsvall";"totalt ålder";"kvinnor";46795;47568;48229;48805
"2282 Kramfors";"totalt ålder";"män";10335;9954;9554;9398
"2282 Kramfors";"totalt ålder";"kvinnor";10376;9862;9357;9037
"2283 Sollefteå";"totalt ålder";"män";10622;10348;10167;9983
"2283 Sollefteå";"totalt ålder";"kvinnor";10762;10501;10088;9793
"2284 Örnsköldsvik";"totalt ålder";"män";27497;27675;27559;27795
"2284 Örnsköldsvik";"totalt ålder";"kvinnor";27550;27568;27514;27453
"2303 Ragunda";"totalt ålder";"män";3088;2914;2821;2772
"2303 Ragunda";"totalt ålder";"kvinnor";2991;2892;2769;2668
"2305 Bräcke";"totalt ålder";"män";3820;3725;3598;3374
"2305 Bräcke";"totalt ålder";"kvinnor";3586;3477;3287;3089
"2309 Krokom";"totalt ålder";"män";7172;7290;7422;7521
"2309 Krokom";"totalt ålder";"kvinnor";6833;6980;7113;7127
"2313 Strömsund";"totalt ålder";"män";6850;6514;6259;6137
"2313 Strömsund";"totalt ålder";"kvinnor";6521;6268;5926;5736
"2321 Åre";"totalt ålder";"män";4958;5134;5253;5428
"2321 Åre";"totalt ålder";"kvinnor";4734;4887;5021;5127
"2326 Berg";"totalt ålder";"män";4059;3920;3769;3661
"2326 Berg";"totalt ålder";"kvinnor";3890;3672;3583;3406
"2361 Härjedalen";"totalt ålder";"män";5786;5460;5338;5322
"2361 Härjedalen";"totalt ålder";"kvinnor";5503;5304;5116;4902
"2380 Östersund";"totalt ålder";"män";28352;28432;28893;29477
"2380 Östersund";"totalt ålder";"kvinnor";29804;30151;30523;31018
"2401 Nordmaling";"totalt ålder";"män";3785;3749;3625;3632
"2401 Nordmaling";"totalt ålder";"kvinnor";3788;3677;3473;3453
"2403 Bjurholm";"totalt ålder";"män";1336;1300;1274;1259
"2403 Bjurholm";"totalt ålder";"kvinnor";1272;1241;1186;1192
"2404 Vindeln";"totalt ålder";"män";2990;2833;2756;2732
"2404 Vindeln";"totalt ålder";"kvinnor";2970;2832;2751;2651
"2409 Robertsfors";"totalt ålder";"män";3640;3547;3482;3459
"2409 Robertsfors";"totalt ålder";"kvinnor";3528;3449;3349;3265
"2417 Norsjö";"totalt ålder";"män";2284;2251;2193;2164
"2417 Norsjö";"totalt ålder";"kvinnor";2257;2186;2111;2016
"2418 Malå";"totalt ålder";"män";1804;1695;1632;1562
"2418 Malå";"totalt ålder";"kvinnor";1749;1653;1642;1553
"2421 Storuman";"totalt ålder";"män";3440;3288;3123;3012
"2421 Storuman";"totalt ålder";"kvinnor";3239;3144;2997;2943
"2422 Sorsele";"totalt ålder";"män";1574;1477;1429;1373
"2422 Sorsele";"totalt ålder";"kvinnor";1472;1390;1307;1192
"2425 Dorotea";"totalt ålder";"män";1652;1579;1495;1456
"2425 Dorotea";"totalt ålder";"kvinnor";1595;1490;1383;1301
"2460 Vännäs";"totalt ålder";"män";4232;4195;4217;4392
"2460 Vännäs";"totalt ålder";"kvinnor";4247;4241;4197;4224
"2462 Vilhelmina";"totalt ålder";"män";3918;3729;3643;3493
"2462 Vilhelmina";"totalt ålder";"kvinnor";3737;3551;3492;3355
"2463 Åsele";"totalt ålder";"män";1769;1645;1575;1466
"2463 Åsele";"totalt ålder";"kvinnor";1730;1626;1464;1372
"2480 Umeå";"totalt ålder";"män";52797;55395;57769;59843
"2480 Umeå";"totalt ålder";"kvinnor";53728;55840;57704;59770
"2481 Lycksele";"totalt ålder";"män";6383;6260;6146;6117
"2481 Lycksele";"totalt ålder";"kvinnor";6501;6352;6230;6091
"2482 Skellefteå";"totalt ålder";"män";35707;35966;35949;36364
"2482 Skellefteå";"totalt ålder";"kvinnor";36106;36000;35692;35660
"2505 Arvidsjaur";"totalt ålder";"män";3551;3415;3308;3276
"2505 Arvidsjaur";"totalt ålder";"kvinnor";3466;3376;3221;3208
"2506 Arjeplog";"totalt ålder";"män";1709;1626;1631;1535
"2506 Arjeplog";"totalt ålder";"kvinnor";1582;1525;1530;1372
"2510 Jokkmokk";"totalt ålder";"män";2932;2791;2639;2605
"2510 Jokkmokk";"totalt ålder";"kvinnor";2850;2700;2531;2481
"2513 Överkalix";"totalt ålder";"män";2113;1987;1855;1782
"2513 Överkalix";"totalt ålder";"kvinnor";1945;1872;1756;1627
"2514 Kalix";"totalt ålder";"män";9032;8859;8552;8367
"2514 Kalix";"totalt ålder";"kvinnor";8773;8537;8188;7940
"2518 Övertorneå";"totalt ålder";"män";2780;2687;2553;2502
"2518 Övertorneå";"totalt ålder";"kvinnor";2611;2481;2259;2209
"2521 Pajala";"totalt ålder";"män";3775;3513;3300;3297
"2521 Pajala";"totalt ålder";"kvinnor";3431;3175;2982;3006
"2523 Gällivare";"totalt ålder";"män";10003;9787;9530;9387
"2523 Gällivare";"totalt ålder";"kvinnor";9417;9172;8895;8844
"2560 Älvsbyn";"totalt ålder";"män";4471;4379;4227;4173
"2560 Älvsbyn";"totalt ålder";"kvinnor";4364;4274;4108;3998
"2580 Luleå";"totalt ålder";"män";36479;37056;37484;38492
"2580 Luleå";"totalt ålder";"kvinnor";35660;36257;36694;37474
"2581 Piteå";"totalt ålder";"män";20260;20508;20433;20833
"2581 Piteå";"totalt ålder";"kvinnor";20271;20435;20459;20675
"2582 Boden";"totalt ålder";"män";13936;13869;13674;14118
"2582 Boden";"totalt ålder";"kvinnor";14332;14133;13797;13769
"2583 Haparanda";"totalt ålder";"män";5303;5244;5132;5011
"2583 Haparanda";"totalt ålder";"kvinnor";5031;4970;4927;4765
"2584 Kiruna";"totalt ålder";"män";12109;11944;11808;12067
"2584 Kiruna";"totalt ålder";"kvinnor";11446;11314;11136;11174
